{
  "avant": {
    "Q1_clef_par_cellule": 2.696622017538175e-05,
    "Q2_partie_mobile_par_cellule": 4.4535580673255025e-06,
    "Q3_smalt_par_cellule": 4.457830218598247e-06
  },
  "apres": {
    "Q1_clef_par_cellule": 1.7959180113393813e-05,
    "Q2_partie_mobile_par_cellule": 3.999830223619938e-06,
    "Q3_smalt_par_cellule": 3.757632221095264e-06
  }
}